-- Generated by scripts/generate-supabase-seed.mjs. Do not edit by hand.
begin;

insert into public.venues (id, name, city, region, country_code, timezone)
values
  ('atlanta', 'Atlanta', 'Atlanta', 'Georgia', 'USA', 'America/New_York'),
  ('boston', 'Boston', 'Boston', 'Massachusetts', 'USA', 'America/New_York'),
  ('dallas', 'Dallas', 'Dallas', 'Texas', 'USA', 'America/Chicago'),
  ('guadalajara', 'Guadalajara', 'Guadalajara', 'Jalisco', 'MEX', 'America/Mexico_City'),
  ('houston', 'Houston', 'Houston', 'Texas', 'USA', 'America/Chicago'),
  ('kansas-city', 'Kansas City', 'Kansas City', 'Missouri', 'USA', 'America/Chicago'),
  ('los-angeles', 'Los Angeles', 'Los Angeles', 'California', 'USA', 'America/Los_Angeles'),
  ('mexico-city', 'Mexico City', 'Mexico City', 'Ciudad de Mexico', 'MEX', 'America/Mexico_City'),
  ('miami', 'Miami', 'Miami', 'Florida', 'USA', 'America/New_York'),
  ('monterrey', 'Monterrey', 'Monterrey', 'Nuevo Leon', 'MEX', 'America/Monterrey'),
  ('new-york-new-jersey', 'New York/New Jersey', 'East Rutherford', 'New Jersey', 'USA', 'America/New_York'),
  ('philadelphia', 'Philadelphia', 'Philadelphia', 'Pennsylvania', 'USA', 'America/New_York'),
  ('san-francisco-bay-area', 'San Francisco Bay Area', 'Santa Clara', 'California', 'USA', 'America/Los_Angeles'),
  ('seattle', 'Seattle', 'Seattle', 'Washington', 'USA', 'America/Los_Angeles'),
  ('toronto', 'Toronto', 'Toronto', 'Ontario', 'CAN', 'America/Toronto'),
  ('vancouver', 'Vancouver', 'Vancouver', 'British Columbia', 'CAN', 'America/Vancouver')
on conflict (id) do update set
  name = excluded.name,
  city = excluded.city,
  region = excluded.region,
  country_code = excluded.country_code,
  timezone = excluded.timezone;

insert into public.teams (id, fifa_code, name, official_name, short_name, country_code, group_code, rating, flag_emoji)
values
  ('MEX', 'MEX', 'Mexico', 'Mexico', 'MEX', 'MEX', 'A', 1715, '🇲🇽'),
  ('RSA', 'RSA', 'South Africa', 'South Africa', 'RSA', 'RSA', 'A', 1530, '🇿🇦'),
  ('KOR', 'KOR', 'Korea Republic', 'Korea Republic', 'KOR', 'KOR', 'A', 1660, '🇰🇷'),
  ('CZE', 'CZE', 'Czechia', 'Czechia', 'CZE', 'CZE', 'A', 1645, '🇨🇿'),
  ('CAN', 'CAN', 'Canada', 'Canada', 'CAN', 'CAN', 'B', 1625, '🇨🇦'),
  ('BIH', 'BIH', 'Bosnia and Herzegovina', 'Bosnia and Herzegovina', 'BIH', 'BIH', 'B', 1570, '🇧🇦'),
  ('QAT', 'QAT', 'Qatar', 'Qatar', 'QAT', 'QAT', 'B', 1485, '🇶🇦'),
  ('SUI', 'SUI', 'Switzerland', 'Switzerland', 'SUI', 'SUI', 'B', 1720, '🇨🇭'),
  ('HAI', 'HAI', 'Haiti', 'Haiti', 'HAI', 'HAI', 'C', 1420, '🇭🇹'),
  ('SCO', 'SCO', 'Scotland', 'Scotland', 'SCO', 'SCO', 'C', 1600, '🏴'),
  ('BRA', 'BRA', 'Brazil', 'Brazil', 'BRA', 'BRA', 'C', 1860, '🇧🇷'),
  ('MAR', 'MAR', 'Morocco', 'Morocco', 'MAR', 'MAR', 'C', 1740, '🇲🇦'),
  ('USA', 'USA', 'United States', 'United States', 'USA', 'USA', 'D', 1690, '🇺🇸'),
  ('PAR', 'PAR', 'Paraguay', 'Paraguay', 'PAR', 'PAR', 'D', 1610, '🇵🇾'),
  ('AUS', 'AUS', 'Australia', 'Australia', 'AUS', 'AUS', 'D', 1585, '🇦🇺'),
  ('TUR', 'TUR', 'Turkiye', 'Turkiye', 'TUR', 'TUR', 'D', 1700, '🇹🇷'),
  ('CIV', 'CIV', 'Cote d''Ivoire', 'Cote d''Ivoire', 'CIV', 'CIV', 'E', 1605, '🇨🇮'),
  ('ECU', 'ECU', 'Ecuador', 'Ecuador', 'ECU', 'ECU', 'E', 1718, '🇪🇨'),
  ('GER', 'GER', 'Germany', 'Germany', 'GER', 'GER', 'E', 1810, '🇩🇪'),
  ('CUW', 'CUW', 'Curacao', 'Curacao', 'CUW', 'CUW', 'E', 1435, '🇨🇼'),
  ('NED', 'NED', 'Netherlands', 'Netherlands', 'NED', 'NED', 'F', 1815, '🇳🇱'),
  ('JPN', 'JPN', 'Japan', 'Japan', 'JPN', 'JPN', 'F', 1710, '🇯🇵'),
  ('SWE', 'SWE', 'Sweden', 'Sweden', 'SWE', 'SWE', 'F', 1635, '🇸🇪'),
  ('TUN', 'TUN', 'Tunisia', 'Tunisia', 'TUN', 'TUN', 'F', 1560, '🇹🇳'),
  ('IRN', 'IRN', 'IR Iran', 'IR Iran', 'IRN', 'IRN', 'G', 1595, '🇮🇷'),
  ('NZL', 'NZL', 'New Zealand', 'New Zealand', 'NZL', 'NZL', 'G', 1450, '🇳🇿'),
  ('BEL', 'BEL', 'Belgium', 'Belgium', 'BEL', 'BEL', 'G', 1790, '🇧🇪'),
  ('EGY', 'EGY', 'Egypt', 'Egypt', 'EGY', 'EGY', 'G', 1630, '🇪🇬'),
  ('KSA', 'KSA', 'Saudi Arabia', 'Saudi Arabia', 'KSA', 'KSA', 'H', 1515, '🇸🇦'),
  ('URU', 'URU', 'Uruguay', 'Uruguay', 'URU', 'URU', 'H', 1780, '🇺🇾'),
  ('ESP', 'ESP', 'Spain', 'Spain', 'ESP', 'ESP', 'H', 1865, '🇪🇸'),
  ('CPV', 'CPV', 'Cabo Verde', 'Cabo Verde', 'CPV', 'CPV', 'H', 1495, '🇨🇻'),
  ('FRA', 'FRA', 'France', 'France', 'FRA', 'FRA', 'I', 1855, '🇫🇷'),
  ('SEN', 'SEN', 'Senegal', 'Senegal', 'SEN', 'SEN', 'I', 1685, '🇸🇳'),
  ('IRQ', 'IRQ', 'Iraq', 'Iraq', 'IRQ', 'IRQ', 'I', 1535, '🇮🇶'),
  ('NOR', 'NOR', 'Norway', 'Norway', 'NOR', 'NOR', 'I', 1680, '🇳🇴'),
  ('ARG', 'ARG', 'Argentina', 'Argentina', 'ARG', 'ARG', 'J', 1870, '🇦🇷'),
  ('ALG', 'ALG', 'Algeria', 'Algeria', 'ALG', 'ALG', 'J', 1608, '🇩🇿'),
  ('AUT', 'AUT', 'Austria', 'Austria', 'AUT', 'AUT', 'J', 1735, '🇦🇹'),
  ('JOR', 'JOR', 'Jordan', 'Jordan', 'JOR', 'JOR', 'J', 1460, '🇯🇴'),
  ('POR', 'POR', 'Portugal', 'Portugal', 'POR', 'POR', 'K', 1835, '🇵🇹'),
  ('COD', 'COD', 'Congo DR', 'Congo DR', 'COD', 'COD', 'K', 1545, '🇨🇩'),
  ('UZB', 'UZB', 'Uzbekistan', 'Uzbekistan', 'UZB', 'UZB', 'K', 1525, '🇺🇿'),
  ('COL', 'COL', 'Colombia', 'Colombia', 'COL', 'COL', 'K', 1760, '🇨🇴'),
  ('GHA', 'GHA', 'Ghana', 'Ghana', 'GHA', 'GHA', 'L', 1575, '🇬🇭'),
  ('PAN', 'PAN', 'Panama', 'Panama', 'PAN', 'PAN', 'L', 1500, '🇵🇦'),
  ('ENG', 'ENG', 'England', 'England', 'ENG', 'ENG', 'L', 1840, '🏴'),
  ('CRO', 'CRO', 'Croatia', 'Croatia', 'CRO', 'CRO', 'L', 1755, '🇭🇷')
on conflict (id) do update set
  fifa_code = excluded.fifa_code,
  name = excluded.name,
  official_name = excluded.official_name,
  short_name = excluded.short_name,
  country_code = excluded.country_code,
  group_code = excluded.group_code,
  rating = excluded.rating,
  flag_emoji = excluded.flag_emoji;

insert into public.fixtures (id, match_number, group_code, stage, home_team_id, away_team_id, kickoff_at, venue_id, venue_name, status, home_goals, away_goals, winner_team_id, result_verified_at, source)
values
  ('A-1', 1, 'A', 'group', 'MEX', 'RSA', '2026-06-12T01:00:00.000Z', 'mexico-city', 'Mexico City', 'final', 2, 0, 'MEX', now(), 'manual_seed'),
  ('A-2', 2, 'A', 'group', 'KOR', 'CZE', '2026-06-12T03:30:00.000Z', 'guadalajara', 'Guadalajara', 'final', 2, 1, 'KOR', now(), 'manual_seed'),
  ('A-3', 3, 'A', 'group', 'MEX', 'KOR', '2026-06-18T18:00:00.000Z', 'los-angeles', 'Los Angeles', 'scheduled', null, null, null, null, 'manual_seed'),
  ('A-4', 4, 'A', 'group', 'CZE', 'RSA', '2026-06-18T23:00:00.000Z', 'atlanta', 'Atlanta', 'scheduled', null, null, null, null, 'manual_seed'),
  ('A-5', 5, 'A', 'group', 'CZE', 'MEX', '2026-06-24T18:00:00.000Z', 'dallas', 'Dallas', 'scheduled', null, null, null, null, 'manual_seed'),
  ('A-6', 6, 'A', 'group', 'RSA', 'KOR', '2026-06-24T18:00:00.000Z', 'miami', 'Miami', 'scheduled', null, null, null, null, 'manual_seed'),
  ('B-1', 7, 'B', 'group', 'CAN', 'BIH', '2026-06-12T22:00:00.000Z', 'toronto', 'Toronto', 'result_pending', null, null, null, null, 'manual_seed'),
  ('B-2', 8, 'B', 'group', 'QAT', 'SUI', '2026-06-14T01:00:00.000Z', 'san-francisco-bay-area', 'San Francisco Bay Area', 'result_pending', null, null, null, null, 'manual_seed'),
  ('B-3', 9, 'B', 'group', 'CAN', 'QAT', '2026-06-19T03:00:00.000Z', 'vancouver', 'Vancouver', 'scheduled', null, null, null, null, 'manual_seed'),
  ('B-4', 10, 'B', 'group', 'SUI', 'BIH', '2026-06-19T00:00:00.000Z', 'los-angeles', 'Los Angeles', 'scheduled', null, null, null, null, 'manual_seed'),
  ('B-5', 11, 'B', 'group', 'SUI', 'CAN', '2026-06-25T18:00:00.000Z', 'houston', 'Houston', 'scheduled', null, null, null, null, 'manual_seed'),
  ('B-6', 12, 'B', 'group', 'BIH', 'QAT', '2026-06-25T18:00:00.000Z', 'new-york-new-jersey', 'New York/New Jersey', 'scheduled', null, null, null, null, 'manual_seed'),
  ('C-1', 13, 'C', 'group', 'HAI', 'SCO', '2026-06-13T22:00:00.000Z', 'boston', 'Boston', 'result_pending', null, null, null, null, 'manual_seed'),
  ('C-2', 14, 'C', 'group', 'BRA', 'MAR', '2026-06-13T17:00:00.000Z', 'new-york-new-jersey', 'New York/New Jersey', 'result_pending', null, null, null, null, 'manual_seed'),
  ('C-3', 15, 'C', 'group', 'HAI', 'BRA', '2026-06-20T18:00:00.000Z', 'los-angeles', 'Los Angeles', 'scheduled', null, null, null, null, 'manual_seed'),
  ('C-4', 16, 'C', 'group', 'MAR', 'SCO', '2026-06-20T18:00:00.000Z', 'boston', 'Boston', 'scheduled', null, null, null, null, 'manual_seed'),
  ('C-5', 17, 'C', 'group', 'MAR', 'HAI', '2026-06-26T18:00:00.000Z', 'dallas', 'Dallas', 'scheduled', null, null, null, null, 'manual_seed'),
  ('C-6', 18, 'C', 'group', 'SCO', 'BRA', '2026-06-26T18:00:00.000Z', 'miami', 'Miami', 'scheduled', null, null, null, null, 'manual_seed'),
  ('D-1', 19, 'D', 'group', 'USA', 'PAR', '2026-06-13T02:00:00.000Z', 'los-angeles', 'Los Angeles', 'final', 4, 1, 'USA', now(), 'manual_seed'),
  ('D-2', 20, 'D', 'group', 'AUS', 'TUR', '2026-06-13T22:00:00.000Z', 'vancouver', 'Vancouver', 'result_pending', null, null, null, null, 'manual_seed'),
  ('D-3', 21, 'D', 'group', 'USA', 'AUS', '2026-06-21T18:00:00.000Z', 'seattle', 'Seattle', 'scheduled', null, null, null, null, 'manual_seed'),
  ('D-4', 22, 'D', 'group', 'TUR', 'PAR', '2026-06-21T18:00:00.000Z', 'kansas-city', 'Kansas City', 'scheduled', null, null, null, null, 'manual_seed'),
  ('D-5', 23, 'D', 'group', 'TUR', 'USA', '2026-06-27T18:00:00.000Z', 'houston', 'Houston', 'scheduled', null, null, null, null, 'manual_seed'),
  ('D-6', 24, 'D', 'group', 'PAR', 'AUS', '2026-06-27T18:00:00.000Z', 'new-york-new-jersey', 'New York/New Jersey', 'scheduled', null, null, null, null, 'manual_seed'),
  ('E-1', 25, 'E', 'group', 'CIV', 'ECU', '2026-06-14T17:00:00.000Z', 'philadelphia', 'Philadelphia', 'result_pending', null, null, null, null, 'manual_seed'),
  ('E-2', 26, 'E', 'group', 'GER', 'CUW', '2026-06-14T21:00:00.000Z', 'houston', 'Houston', 'final', 7, 1, 'GER', now(), 'manual_seed'),
  ('E-3', 27, 'E', 'group', 'CIV', 'GER', '2026-06-22T18:00:00.000Z', 'los-angeles', 'Los Angeles', 'scheduled', null, null, null, null, 'manual_seed'),
  ('E-4', 28, 'E', 'group', 'CUW', 'ECU', '2026-06-22T18:00:00.000Z', 'boston', 'Boston', 'scheduled', null, null, null, null, 'manual_seed'),
  ('E-5', 29, 'E', 'group', 'CUW', 'CIV', '2026-06-28T18:00:00.000Z', 'dallas', 'Dallas', 'scheduled', null, null, null, null, 'manual_seed'),
  ('E-6', 30, 'E', 'group', 'ECU', 'GER', '2026-06-28T18:00:00.000Z', 'miami', 'Miami', 'scheduled', null, null, null, null, 'manual_seed'),
  ('F-1', 31, 'F', 'group', 'NED', 'JPN', '2026-06-15T00:00:00.000Z', 'dallas', 'Dallas', 'result_pending', null, null, null, null, 'manual_seed'),
  ('F-2', 32, 'F', 'group', 'SWE', 'TUN', '2026-06-15T02:00:00.000Z', 'monterrey', 'Monterrey', 'result_pending', null, null, null, null, 'manual_seed'),
  ('F-3', 33, 'F', 'group', 'NED', 'SWE', '2026-06-23T18:00:00.000Z', 'seattle', 'Seattle', 'scheduled', null, null, null, null, 'manual_seed'),
  ('F-4', 34, 'F', 'group', 'TUN', 'JPN', '2026-06-23T18:00:00.000Z', 'kansas-city', 'Kansas City', 'scheduled', null, null, null, null, 'manual_seed'),
  ('F-5', 35, 'F', 'group', 'TUN', 'NED', '2026-06-29T18:00:00.000Z', 'houston', 'Houston', 'scheduled', null, null, null, null, 'manual_seed'),
  ('F-6', 36, 'F', 'group', 'JPN', 'SWE', '2026-06-29T18:00:00.000Z', 'new-york-new-jersey', 'New York/New Jersey', 'scheduled', null, null, null, null, 'manual_seed'),
  ('G-1', 37, 'G', 'group', 'IRN', 'NZL', '2026-06-15T23:00:00.000Z', 'los-angeles', 'Los Angeles', 'result_pending', null, null, null, null, 'manual_seed'),
  ('G-2', 38, 'G', 'group', 'BEL', 'EGY', '2026-06-16T02:00:00.000Z', 'seattle', 'Seattle', 'result_pending', null, null, null, null, 'manual_seed'),
  ('G-3', 39, 'G', 'group', 'IRN', 'BEL', '2026-06-24T18:00:00.000Z', 'los-angeles', 'Los Angeles', 'scheduled', null, null, null, null, 'manual_seed'),
  ('G-4', 40, 'G', 'group', 'EGY', 'NZL', '2026-06-24T18:00:00.000Z', 'boston', 'Boston', 'scheduled', null, null, null, null, 'manual_seed'),
  ('G-5', 41, 'G', 'group', 'EGY', 'IRN', '2026-06-30T18:00:00.000Z', 'dallas', 'Dallas', 'scheduled', null, null, null, null, 'manual_seed'),
  ('G-6', 42, 'G', 'group', 'NZL', 'BEL', '2026-06-30T18:00:00.000Z', 'miami', 'Miami', 'scheduled', null, null, null, null, 'manual_seed'),
  ('H-1', 43, 'H', 'group', 'KSA', 'URU', '2026-06-15T17:00:00.000Z', 'miami', 'Miami', 'result_pending', null, null, null, null, 'manual_seed'),
  ('H-2', 44, 'H', 'group', 'ESP', 'CPV', '2026-06-15T20:00:00.000Z', 'atlanta', 'Atlanta', 'result_pending', null, null, null, null, 'manual_seed'),
  ('H-3', 45, 'H', 'group', 'KSA', 'ESP', '2026-06-25T18:00:00.000Z', 'seattle', 'Seattle', 'scheduled', null, null, null, null, 'manual_seed'),
  ('H-4', 46, 'H', 'group', 'CPV', 'URU', '2026-06-25T18:00:00.000Z', 'kansas-city', 'Kansas City', 'scheduled', null, null, null, null, 'manual_seed'),
  ('H-5', 47, 'H', 'group', 'CPV', 'KSA', '2026-07-01T18:00:00.000Z', 'houston', 'Houston', 'scheduled', null, null, null, null, 'manual_seed'),
  ('H-6', 48, 'H', 'group', 'URU', 'ESP', '2026-07-01T18:00:00.000Z', 'new-york-new-jersey', 'New York/New Jersey', 'scheduled', null, null, null, null, 'manual_seed'),
  ('I-1', 49, 'I', 'group', 'FRA', 'SEN', '2026-06-16T17:00:00.000Z', 'new-york-new-jersey', 'New York/New Jersey', 'scheduled', null, null, null, null, 'manual_seed'),
  ('I-2', 50, 'I', 'group', 'IRQ', 'NOR', '2026-06-16T22:00:00.000Z', 'boston', 'Boston', 'scheduled', null, null, null, null, 'manual_seed'),
  ('I-3', 51, 'I', 'group', 'FRA', 'IRQ', '2026-06-26T18:00:00.000Z', 'los-angeles', 'Los Angeles', 'scheduled', null, null, null, null, 'manual_seed'),
  ('I-4', 52, 'I', 'group', 'NOR', 'SEN', '2026-06-26T18:00:00.000Z', 'boston', 'Boston', 'scheduled', null, null, null, null, 'manual_seed'),
  ('I-5', 53, 'I', 'group', 'NOR', 'FRA', '2026-07-02T18:00:00.000Z', 'dallas', 'Dallas', 'scheduled', null, null, null, null, 'manual_seed'),
  ('I-6', 54, 'I', 'group', 'SEN', 'IRQ', '2026-07-02T18:00:00.000Z', 'miami', 'Miami', 'scheduled', null, null, null, null, 'manual_seed'),
  ('J-1', 55, 'J', 'group', 'ARG', 'ALG', '2026-06-17T01:00:00.000Z', 'kansas-city', 'Kansas City', 'scheduled', null, null, null, null, 'manual_seed'),
  ('J-2', 56, 'J', 'group', 'AUT', 'JOR', '2026-06-17T01:00:00.000Z', 'san-francisco-bay-area', 'San Francisco Bay Area', 'scheduled', null, null, null, null, 'manual_seed'),
  ('J-3', 57, 'J', 'group', 'ARG', 'AUT', '2026-06-27T18:00:00.000Z', 'seattle', 'Seattle', 'scheduled', null, null, null, null, 'manual_seed'),
  ('J-4', 58, 'J', 'group', 'JOR', 'ALG', '2026-06-27T18:00:00.000Z', 'kansas-city', 'Kansas City', 'scheduled', null, null, null, null, 'manual_seed'),
  ('J-5', 59, 'J', 'group', 'JOR', 'ARG', '2026-07-03T18:00:00.000Z', 'houston', 'Houston', 'scheduled', null, null, null, null, 'manual_seed'),
  ('J-6', 60, 'J', 'group', 'ALG', 'AUT', '2026-07-03T18:00:00.000Z', 'new-york-new-jersey', 'New York/New Jersey', 'scheduled', null, null, null, null, 'manual_seed'),
  ('K-1', 61, 'K', 'group', 'POR', 'COD', '2026-06-17T21:00:00.000Z', 'houston', 'Houston', 'scheduled', null, null, null, null, 'manual_seed'),
  ('K-2', 62, 'K', 'group', 'UZB', 'COL', '2026-06-18T00:00:00.000Z', 'mexico-city', 'Mexico City', 'scheduled', null, null, null, null, 'manual_seed'),
  ('K-3', 63, 'K', 'group', 'POR', 'UZB', '2026-06-28T18:00:00.000Z', 'los-angeles', 'Los Angeles', 'scheduled', null, null, null, null, 'manual_seed'),
  ('K-4', 64, 'K', 'group', 'COL', 'COD', '2026-06-28T18:00:00.000Z', 'boston', 'Boston', 'scheduled', null, null, null, null, 'manual_seed'),
  ('K-5', 65, 'K', 'group', 'COL', 'POR', '2026-07-04T18:00:00.000Z', 'dallas', 'Dallas', 'scheduled', null, null, null, null, 'manual_seed'),
  ('K-6', 66, 'K', 'group', 'COD', 'UZB', '2026-07-04T18:00:00.000Z', 'miami', 'Miami', 'scheduled', null, null, null, null, 'manual_seed'),
  ('L-1', 67, 'L', 'group', 'GHA', 'PAN', '2026-06-17T22:00:00.000Z', 'toronto', 'Toronto', 'scheduled', null, null, null, null, 'manual_seed'),
  ('L-2', 68, 'L', 'group', 'ENG', 'CRO', '2026-06-18T01:00:00.000Z', 'dallas', 'Dallas', 'scheduled', null, null, null, null, 'manual_seed'),
  ('L-3', 69, 'L', 'group', 'GHA', 'ENG', '2026-06-29T18:00:00.000Z', 'seattle', 'Seattle', 'scheduled', null, null, null, null, 'manual_seed'),
  ('L-4', 70, 'L', 'group', 'CRO', 'PAN', '2026-06-29T18:00:00.000Z', 'kansas-city', 'Kansas City', 'scheduled', null, null, null, null, 'manual_seed'),
  ('L-5', 71, 'L', 'group', 'CRO', 'GHA', '2026-07-05T18:00:00.000Z', 'houston', 'Houston', 'scheduled', null, null, null, null, 'manual_seed'),
  ('L-6', 72, 'L', 'group', 'PAN', 'ENG', '2026-07-05T18:00:00.000Z', 'new-york-new-jersey', 'New York/New Jersey', 'scheduled', null, null, null, null, 'manual_seed')
on conflict (id) do update set
  match_number = excluded.match_number,
  group_code = excluded.group_code,
  stage = excluded.stage,
  home_team_id = excluded.home_team_id,
  away_team_id = excluded.away_team_id,
  kickoff_at = excluded.kickoff_at,
  venue_id = excluded.venue_id,
  venue_name = excluded.venue_name,
  status = excluded.status,
  home_goals = excluded.home_goals,
  away_goals = excluded.away_goals,
  winner_team_id = excluded.winner_team_id,
  result_verified_at = excluded.result_verified_at,
  source = excluded.source;

delete from public.match_events where source = 'manual_seed';
insert into public.match_events (fixture_id, team_id, player_name, minute, event_type, source)
values
  ('A-1', 'MEX', 'S. Gimenez', 28, 'goal', 'manual_seed'),
  ('A-1', 'MEX', 'H. Lozano', 73, 'goal', 'manual_seed'),
  ('A-2', 'CZE', 'L. Krejci', 59, 'goal', 'manual_seed'),
  ('A-2', 'KOR', 'Hwang In-beom', 67, 'goal', 'manual_seed'),
  ('A-2', 'KOR', 'Oh Hyeon-gyu', 80, 'goal', 'manual_seed'),
  ('D-1', 'USA', 'C. Pulisic', 12, 'goal', 'manual_seed'),
  ('D-1', 'USA', 'F. Balogun', 41, 'goal', 'manual_seed'),
  ('D-1', 'PAR', 'M. Almiron', 49, 'goal', 'manual_seed'),
  ('D-1', 'USA', 'G. Reyna', 66, 'goal', 'manual_seed'),
  ('D-1', 'USA', 'T. Weah', 84, 'goal', 'manual_seed');

commit;
