-- Generated by scripts/generate-supabase-seed.mjs. Do not edit by hand.
begin;

insert into public.venues (id, name, city, region, country_code, timezone)
values
  ('atlanta', 'Mercedes-Benz Stadium', 'Atlanta', 'Georgia', 'USA', 'America/New_York'),
  ('boston', 'Gillette Stadium', 'Boston', 'Massachusetts', 'USA', 'America/New_York'),
  ('dallas', 'AT&T Stadium', 'Dallas', 'Texas', 'USA', 'America/Chicago'),
  ('guadalajara', 'Estadio Akron', 'Guadalajara', 'Jalisco', 'MEX', 'America/Mexico_City'),
  ('houston', 'NRG Stadium', 'Houston', 'Texas', 'USA', 'America/Chicago'),
  ('kansas-city', 'GEHA Field at Arrowhead Stadium', 'Kansas City', 'Missouri', 'USA', 'America/Chicago'),
  ('los-angeles', 'SoFi Stadium', 'Los Angeles', 'California', 'USA', 'America/Los_Angeles'),
  ('mexico-city', 'Estadio Banorte', 'Mexico City', 'Ciudad de Mexico', 'MEX', 'America/Mexico_City'),
  ('miami', 'Hard Rock Stadium', 'Miami', 'Florida', 'USA', 'America/New_York'),
  ('monterrey', 'Estadio BBVA', 'Monterrey', 'Nuevo Leon', 'MEX', 'America/Monterrey'),
  ('new-york-new-jersey', 'MetLife Stadium', 'East Rutherford', 'New Jersey', 'USA', 'America/New_York'),
  ('philadelphia', 'Lincoln Financial Field', 'Philadelphia', 'Pennsylvania', 'USA', 'America/New_York'),
  ('san-francisco-bay-area', 'Levi''s Stadium', 'Santa Clara', 'California', 'USA', 'America/Los_Angeles'),
  ('seattle', 'Lumen Field', 'Seattle', 'Washington', 'USA', 'America/Los_Angeles'),
  ('toronto', 'BMO Field', 'Toronto', 'Ontario', 'CAN', 'America/Toronto'),
  ('vancouver', 'BC Place', 'Vancouver', 'British Columbia', 'CAN', 'America/Vancouver')
on conflict (id) do update set
  name = excluded.name,
  city = excluded.city,
  region = excluded.region,
  country_code = excluded.country_code,
  timezone = excluded.timezone;

insert into public.teams (id, fifa_code, name, official_name, short_name, country_code, group_code, rating, fifa_ranking, flag_emoji)
values
  ('MEX', 'MEX', 'Mexico', 'Mexico', 'MEX', 'MEX', 'A', 1715, 14, '🇲🇽'),
  ('RSA', 'RSA', 'South Africa', 'South Africa', 'RSA', 'RSA', 'A', 1530, 60, '🇿🇦'),
  ('KOR', 'KOR', 'Korea Republic', 'Korea Republic', 'KOR', 'KOR', 'A', 1660, 25, '🇰🇷'),
  ('CZE', 'CZE', 'Czechia', 'Czechia', 'CZE', 'CZE', 'A', 1645, 40, '🇨🇿'),
  ('CAN', 'CAN', 'Canada', 'Canada', 'CAN', 'CAN', 'B', 1625, 30, '🇨🇦'),
  ('BIH', 'BIH', 'Bosnia and Herzegovina', 'Bosnia and Herzegovina', 'BIH', 'BIH', 'B', 1570, 64, '🇧🇦'),
  ('QAT', 'QAT', 'Qatar', 'Qatar', 'QAT', 'QAT', 'B', 1485, 56, '🇶🇦'),
  ('SUI', 'SUI', 'Switzerland', 'Switzerland', 'SUI', 'SUI', 'B', 1720, 19, '🇨🇭'),
  ('HAI', 'HAI', 'Haiti', 'Haiti', 'HAI', 'HAI', 'C', 1420, 83, '🇭🇹'),
  ('SCO', 'SCO', 'Scotland', 'Scotland', 'SCO', 'SCO', 'C', 1600, 42, '🏴󠁧󠁢󠁳󠁣󠁴󠁿'),
  ('BRA', 'BRA', 'Brazil', 'Brazil', 'BRA', 'BRA', 'C', 1860, 6, '🇧🇷'),
  ('MAR', 'MAR', 'Morocco', 'Morocco', 'MAR', 'MAR', 'C', 1740, 7, '🇲🇦'),
  ('USA', 'USA', 'United States', 'United States', 'USA', 'USA', 'D', 1690, 17, '🇺🇸'),
  ('PAR', 'PAR', 'Paraguay', 'Paraguay', 'PAR', 'PAR', 'D', 1610, 41, '🇵🇾'),
  ('AUS', 'AUS', 'Australia', 'Australia', 'AUS', 'AUS', 'D', 1585, 27, '🇦🇺'),
  ('TUR', 'TUR', 'Turkiye', 'Turkiye', 'TUR', 'TUR', 'D', 1700, 22, '🇹🇷'),
  ('CIV', 'CIV', 'Cote d''Ivoire', 'Cote d''Ivoire', 'CIV', 'CIV', 'E', 1605, 33, '🇨🇮'),
  ('ECU', 'ECU', 'Ecuador', 'Ecuador', 'ECU', 'ECU', 'E', 1718, 23, '🇪🇨'),
  ('GER', 'GER', 'Germany', 'Germany', 'GER', 'GER', 'E', 1810, 10, '🇩🇪'),
  ('CUW', 'CUW', 'Curacao', 'Curacao', 'CUW', 'CUW', 'E', 1435, 82, '🇨🇼'),
  ('NED', 'NED', 'Netherlands', 'Netherlands', 'NED', 'NED', 'F', 1815, 8, '🇳🇱'),
  ('JPN', 'JPN', 'Japan', 'Japan', 'JPN', 'JPN', 'F', 1710, 18, '🇯🇵'),
  ('SWE', 'SWE', 'Sweden', 'Sweden', 'SWE', 'SWE', 'F', 1635, 38, '🇸🇪'),
  ('TUN', 'TUN', 'Tunisia', 'Tunisia', 'TUN', 'TUN', 'F', 1560, 45, '🇹🇳'),
  ('IRN', 'IRN', 'IR Iran', 'IR Iran', 'IRN', 'IRN', 'G', 1595, 20, '🇮🇷'),
  ('NZL', 'NZL', 'New Zealand', 'New Zealand', 'NZL', 'NZL', 'G', 1450, 85, '🇳🇿'),
  ('BEL', 'BEL', 'Belgium', 'Belgium', 'BEL', 'BEL', 'G', 1790, 9, '🇧🇪'),
  ('EGY', 'EGY', 'Egypt', 'Egypt', 'EGY', 'EGY', 'G', 1630, 29, '🇪🇬'),
  ('KSA', 'KSA', 'Saudi Arabia', 'Saudi Arabia', 'KSA', 'KSA', 'H', 1515, 61, '🇸🇦'),
  ('URU', 'URU', 'Uruguay', 'Uruguay', 'URU', 'URU', 'H', 1780, 16, '🇺🇾'),
  ('ESP', 'ESP', 'Spain', 'Spain', 'ESP', 'ESP', 'H', 1865, 2, '🇪🇸'),
  ('CPV', 'CPV', 'Cabo Verde', 'Cabo Verde', 'CPV', 'CPV', 'H', 1495, 67, '🇨🇻'),
  ('FRA', 'FRA', 'France', 'France', 'FRA', 'FRA', 'I', 1855, 3, '🇫🇷'),
  ('SEN', 'SEN', 'Senegal', 'Senegal', 'SEN', 'SEN', 'I', 1685, 15, '🇸🇳'),
  ('IRQ', 'IRQ', 'Iraq', 'Iraq', 'IRQ', 'IRQ', 'I', 1535, 57, '🇮🇶'),
  ('NOR', 'NOR', 'Norway', 'Norway', 'NOR', 'NOR', 'I', 1680, 31, '🇳🇴'),
  ('ARG', 'ARG', 'Argentina', 'Argentina', 'ARG', 'ARG', 'J', 1870, 1, '🇦🇷'),
  ('ALG', 'ALG', 'Algeria', 'Algeria', 'ALG', 'ALG', 'J', 1608, 28, '🇩🇿'),
  ('AUT', 'AUT', 'Austria', 'Austria', 'AUT', 'AUT', 'J', 1735, 24, '🇦🇹'),
  ('JOR', 'JOR', 'Jordan', 'Jordan', 'JOR', 'JOR', 'J', 1460, 63, '🇯🇴'),
  ('POR', 'POR', 'Portugal', 'Portugal', 'POR', 'POR', 'K', 1835, 5, '🇵🇹'),
  ('COD', 'COD', 'Congo DR', 'Congo DR', 'COD', 'COD', 'K', 1545, 46, '🇨🇩'),
  ('UZB', 'UZB', 'Uzbekistan', 'Uzbekistan', 'UZB', 'UZB', 'K', 1525, 50, '🇺🇿'),
  ('COL', 'COL', 'Colombia', 'Colombia', 'COL', 'COL', 'K', 1760, 13, '🇨🇴'),
  ('GHA', 'GHA', 'Ghana', 'Ghana', 'GHA', 'GHA', 'L', 1575, 73, '🇬🇭'),
  ('PAN', 'PAN', 'Panama', 'Panama', 'PAN', 'PAN', 'L', 1500, 34, '🇵🇦'),
  ('ENG', 'ENG', 'England', 'England', 'ENG', 'ENG', 'L', 1840, 4, '🏴󠁧󠁢󠁥󠁮󠁧󠁿'),
  ('CRO', 'CRO', 'Croatia', 'Croatia', 'CRO', 'CRO', 'L', 1755, 11, '🇭🇷')
on conflict (id) do update set
  fifa_code = excluded.fifa_code,
  name = excluded.name,
  official_name = excluded.official_name,
  short_name = excluded.short_name,
  country_code = excluded.country_code,
  group_code = excluded.group_code,
  rating = excluded.rating,
  fifa_ranking = excluded.fifa_ranking,
  flag_emoji = excluded.flag_emoji;

update public.fixtures set match_number = match_number + 1000 where match_number between 1 and 104;
insert into public.fixtures (id, match_number, group_code, stage, home_team_id, away_team_id, home_slot, away_slot, kickoff_at, venue_id, venue_name, status, source)
values
  ('A-1', 1, 'A', 'group', 'MEX', 'RSA', 'MEX', 'RSA', '2026-06-11T19:00:00.000Z', 'mexico-city', 'Estadio Banorte', 'scheduled', 'fifa_schedule'),
  ('A-2', 2, 'A', 'group', 'KOR', 'CZE', 'KOR', 'CZE', '2026-06-12T02:00:00.000Z', 'guadalajara', 'Estadio Akron', 'scheduled', 'fifa_schedule'),
  ('B-1', 3, 'B', 'group', 'CAN', 'BIH', 'CAN', 'BIH', '2026-06-12T19:00:00.000Z', 'toronto', 'BMO Field', 'scheduled', 'fifa_schedule'),
  ('D-1', 4, 'D', 'group', 'USA', 'PAR', 'USA', 'PAR', '2026-06-13T01:00:00.000Z', 'los-angeles', 'SoFi Stadium', 'scheduled', 'fifa_schedule'),
  ('C-1', 5, 'C', 'group', 'HAI', 'SCO', 'HAI', 'SCO', '2026-06-14T01:00:00.000Z', 'boston', 'Gillette Stadium', 'scheduled', 'fifa_schedule'),
  ('D-2', 6, 'D', 'group', 'AUS', 'TUR', 'AUS', 'TUR', '2026-06-14T04:00:00.000Z', 'vancouver', 'BC Place', 'scheduled', 'fifa_schedule'),
  ('C-2', 7, 'C', 'group', 'BRA', 'MAR', 'BRA', 'MAR', '2026-06-13T22:00:00.000Z', 'new-york-new-jersey', 'MetLife Stadium', 'scheduled', 'fifa_schedule'),
  ('B-2', 8, 'B', 'group', 'QAT', 'SUI', 'QAT', 'SUI', '2026-06-13T19:00:00.000Z', 'san-francisco-bay-area', 'Levi''s Stadium', 'scheduled', 'fifa_schedule'),
  ('E-1', 9, 'E', 'group', 'CIV', 'ECU', 'CIV', 'ECU', '2026-06-14T23:00:00.000Z', 'philadelphia', 'Lincoln Financial Field', 'scheduled', 'fifa_schedule'),
  ('E-2', 10, 'E', 'group', 'GER', 'CUW', 'GER', 'CUW', '2026-06-14T17:00:00.000Z', 'houston', 'NRG Stadium', 'scheduled', 'fifa_schedule'),
  ('F-1', 11, 'F', 'group', 'NED', 'JPN', 'NED', 'JPN', '2026-06-14T20:00:00.000Z', 'dallas', 'AT&T Stadium', 'scheduled', 'fifa_schedule'),
  ('F-2', 12, 'F', 'group', 'SWE', 'TUN', 'SWE', 'TUN', '2026-06-15T02:00:00.000Z', 'monterrey', 'Estadio BBVA', 'scheduled', 'fifa_schedule'),
  ('H-1', 13, 'H', 'group', 'KSA', 'URU', 'KSA', 'URU', '2026-06-15T22:00:00.000Z', 'miami', 'Hard Rock Stadium', 'scheduled', 'fifa_schedule'),
  ('H-2', 14, 'H', 'group', 'ESP', 'CPV', 'ESP', 'CPV', '2026-06-15T16:00:00.000Z', 'atlanta', 'Mercedes-Benz Stadium', 'scheduled', 'fifa_schedule'),
  ('G-1', 15, 'G', 'group', 'IRN', 'NZL', 'IRN', 'NZL', '2026-06-16T01:00:00.000Z', 'los-angeles', 'SoFi Stadium', 'scheduled', 'fifa_schedule'),
  ('G-2', 16, 'G', 'group', 'BEL', 'EGY', 'BEL', 'EGY', '2026-06-15T19:00:00.000Z', 'seattle', 'Lumen Field', 'scheduled', 'fifa_schedule'),
  ('I-1', 17, 'I', 'group', 'FRA', 'SEN', 'FRA', 'SEN', '2026-06-16T19:00:00.000Z', 'new-york-new-jersey', 'MetLife Stadium', 'scheduled', 'fifa_schedule'),
  ('I-2', 18, 'I', 'group', 'IRQ', 'NOR', 'IRQ', 'NOR', '2026-06-16T22:00:00.000Z', 'boston', 'Gillette Stadium', 'scheduled', 'fifa_schedule'),
  ('J-1', 19, 'J', 'group', 'ARG', 'ALG', 'ARG', 'ALG', '2026-06-17T01:00:00.000Z', 'kansas-city', 'GEHA Field at Arrowhead Stadium', 'scheduled', 'fifa_schedule'),
  ('J-2', 20, 'J', 'group', 'AUT', 'JOR', 'AUT', 'JOR', '2026-06-17T04:00:00.000Z', 'san-francisco-bay-area', 'Levi''s Stadium', 'scheduled', 'fifa_schedule'),
  ('L-1', 21, 'L', 'group', 'GHA', 'PAN', 'GHA', 'PAN', '2026-06-17T23:00:00.000Z', 'toronto', 'BMO Field', 'scheduled', 'fifa_schedule'),
  ('L-2', 22, 'L', 'group', 'ENG', 'CRO', 'ENG', 'CRO', '2026-06-17T20:00:00.000Z', 'dallas', 'AT&T Stadium', 'scheduled', 'fifa_schedule'),
  ('K-1', 23, 'K', 'group', 'POR', 'COD', 'POR', 'COD', '2026-06-17T17:00:00.000Z', 'houston', 'NRG Stadium', 'scheduled', 'fifa_schedule'),
  ('K-2', 24, 'K', 'group', 'UZB', 'COL', 'UZB', 'COL', '2026-06-18T02:00:00.000Z', 'mexico-city', 'Estadio Banorte', 'scheduled', 'fifa_schedule'),
  ('A-4', 25, 'A', 'group', 'CZE', 'RSA', 'CZE', 'RSA', '2026-06-18T16:00:00.000Z', 'atlanta', 'Mercedes-Benz Stadium', 'scheduled', 'fifa_schedule'),
  ('B-4', 26, 'B', 'group', 'SUI', 'BIH', 'SUI', 'BIH', '2026-06-18T19:00:00.000Z', 'los-angeles', 'SoFi Stadium', 'scheduled', 'fifa_schedule'),
  ('B-3', 27, 'B', 'group', 'CAN', 'QAT', 'CAN', 'QAT', '2026-06-18T22:00:00.000Z', 'vancouver', 'BC Place', 'scheduled', 'fifa_schedule'),
  ('A-3', 28, 'A', 'group', 'MEX', 'KOR', 'MEX', 'KOR', '2026-06-19T01:00:00.000Z', 'guadalajara', 'Estadio Akron', 'scheduled', 'fifa_schedule'),
  ('C-3', 29, 'C', 'group', 'BRA', 'HAI', 'BRA', 'HAI', '2026-06-20T00:30:00.000Z', 'philadelphia', 'Lincoln Financial Field', 'scheduled', 'fifa_schedule'),
  ('C-4', 30, 'C', 'group', 'SCO', 'MAR', 'SCO', 'MAR', '2026-06-19T22:00:00.000Z', 'boston', 'Gillette Stadium', 'scheduled', 'fifa_schedule'),
  ('D-4', 31, 'D', 'group', 'TUR', 'PAR', 'TUR', 'PAR', '2026-06-20T03:00:00.000Z', 'san-francisco-bay-area', 'Levi''s Stadium', 'scheduled', 'fifa_schedule'),
  ('D-3', 32, 'D', 'group', 'USA', 'AUS', 'USA', 'AUS', '2026-06-19T19:00:00.000Z', 'seattle', 'Lumen Field', 'scheduled', 'fifa_schedule'),
  ('E-3', 33, 'E', 'group', 'GER', 'CIV', 'GER', 'CIV', '2026-06-20T20:00:00.000Z', 'toronto', 'BMO Field', 'scheduled', 'fifa_schedule'),
  ('E-4', 34, 'E', 'group', 'ECU', 'CUW', 'ECU', 'CUW', '2026-06-21T00:00:00.000Z', 'kansas-city', 'GEHA Field at Arrowhead Stadium', 'scheduled', 'fifa_schedule'),
  ('F-3', 35, 'F', 'group', 'NED', 'SWE', 'NED', 'SWE', '2026-06-20T17:00:00.000Z', 'houston', 'NRG Stadium', 'scheduled', 'fifa_schedule'),
  ('F-4', 36, 'F', 'group', 'TUN', 'JPN', 'TUN', 'JPN', '2026-06-21T04:00:00.000Z', 'monterrey', 'Estadio BBVA', 'scheduled', 'fifa_schedule'),
  ('H-4', 37, 'H', 'group', 'URU', 'CPV', 'URU', 'CPV', '2026-06-21T22:00:00.000Z', 'miami', 'Hard Rock Stadium', 'scheduled', 'fifa_schedule'),
  ('H-3', 38, 'H', 'group', 'ESP', 'KSA', 'ESP', 'KSA', '2026-06-21T16:00:00.000Z', 'atlanta', 'Mercedes-Benz Stadium', 'scheduled', 'fifa_schedule'),
  ('G-3', 39, 'G', 'group', 'BEL', 'IRN', 'BEL', 'IRN', '2026-06-21T19:00:00.000Z', 'los-angeles', 'SoFi Stadium', 'scheduled', 'fifa_schedule'),
  ('G-4', 40, 'G', 'group', 'NZL', 'EGY', 'NZL', 'EGY', '2026-06-22T01:00:00.000Z', 'vancouver', 'BC Place', 'scheduled', 'fifa_schedule'),
  ('I-4', 41, 'I', 'group', 'NOR', 'SEN', 'NOR', 'SEN', '2026-06-23T00:00:00.000Z', 'new-york-new-jersey', 'MetLife Stadium', 'scheduled', 'fifa_schedule'),
  ('I-3', 42, 'I', 'group', 'FRA', 'IRQ', 'FRA', 'IRQ', '2026-06-22T21:00:00.000Z', 'philadelphia', 'Lincoln Financial Field', 'scheduled', 'fifa_schedule'),
  ('J-3', 43, 'J', 'group', 'ARG', 'AUT', 'ARG', 'AUT', '2026-06-22T17:00:00.000Z', 'dallas', 'AT&T Stadium', 'scheduled', 'fifa_schedule'),
  ('J-4', 44, 'J', 'group', 'JOR', 'ALG', 'JOR', 'ALG', '2026-06-23T03:00:00.000Z', 'san-francisco-bay-area', 'Levi''s Stadium', 'scheduled', 'fifa_schedule'),
  ('L-3', 45, 'L', 'group', 'ENG', 'GHA', 'ENG', 'GHA', '2026-06-23T20:00:00.000Z', 'boston', 'Gillette Stadium', 'scheduled', 'fifa_schedule'),
  ('L-4', 46, 'L', 'group', 'PAN', 'CRO', 'PAN', 'CRO', '2026-06-23T23:00:00.000Z', 'toronto', 'BMO Field', 'scheduled', 'fifa_schedule'),
  ('K-3', 47, 'K', 'group', 'POR', 'UZB', 'POR', 'UZB', '2026-06-23T17:00:00.000Z', 'houston', 'NRG Stadium', 'scheduled', 'fifa_schedule'),
  ('K-4', 48, 'K', 'group', 'COL', 'COD', 'COL', 'COD', '2026-06-24T02:00:00.000Z', 'guadalajara', 'Estadio Akron', 'scheduled', 'fifa_schedule'),
  ('C-6', 49, 'C', 'group', 'SCO', 'BRA', 'SCO', 'BRA', '2026-06-24T22:00:00.000Z', 'miami', 'Hard Rock Stadium', 'scheduled', 'fifa_schedule'),
  ('C-5', 50, 'C', 'group', 'MAR', 'HAI', 'MAR', 'HAI', '2026-06-24T22:00:00.000Z', 'atlanta', 'Mercedes-Benz Stadium', 'scheduled', 'fifa_schedule'),
  ('B-5', 51, 'B', 'group', 'SUI', 'CAN', 'SUI', 'CAN', '2026-06-24T19:00:00.000Z', 'vancouver', 'BC Place', 'scheduled', 'fifa_schedule'),
  ('B-6', 52, 'B', 'group', 'BIH', 'QAT', 'BIH', 'QAT', '2026-06-24T19:00:00.000Z', 'seattle', 'Lumen Field', 'scheduled', 'fifa_schedule'),
  ('A-5', 53, 'A', 'group', 'CZE', 'MEX', 'CZE', 'MEX', '2026-06-25T01:00:00.000Z', 'mexico-city', 'Estadio Banorte', 'scheduled', 'fifa_schedule'),
  ('A-6', 54, 'A', 'group', 'RSA', 'KOR', 'RSA', 'KOR', '2026-06-25T01:00:00.000Z', 'monterrey', 'Estadio BBVA', 'scheduled', 'fifa_schedule'),
  ('E-5', 55, 'E', 'group', 'CUW', 'CIV', 'CUW', 'CIV', '2026-06-25T20:00:00.000Z', 'philadelphia', 'Lincoln Financial Field', 'scheduled', 'fifa_schedule'),
  ('E-6', 56, 'E', 'group', 'ECU', 'GER', 'ECU', 'GER', '2026-06-25T20:00:00.000Z', 'new-york-new-jersey', 'MetLife Stadium', 'scheduled', 'fifa_schedule'),
  ('F-6', 57, 'F', 'group', 'JPN', 'SWE', 'JPN', 'SWE', '2026-06-25T23:00:00.000Z', 'dallas', 'AT&T Stadium', 'scheduled', 'fifa_schedule'),
  ('F-5', 58, 'F', 'group', 'TUN', 'NED', 'TUN', 'NED', '2026-06-25T23:00:00.000Z', 'kansas-city', 'GEHA Field at Arrowhead Stadium', 'scheduled', 'fifa_schedule'),
  ('D-5', 59, 'D', 'group', 'TUR', 'USA', 'TUR', 'USA', '2026-06-26T02:00:00.000Z', 'los-angeles', 'SoFi Stadium', 'scheduled', 'fifa_schedule'),
  ('D-6', 60, 'D', 'group', 'PAR', 'AUS', 'PAR', 'AUS', '2026-06-26T02:00:00.000Z', 'san-francisco-bay-area', 'Levi''s Stadium', 'scheduled', 'fifa_schedule'),
  ('I-5', 61, 'I', 'group', 'NOR', 'FRA', 'NOR', 'FRA', '2026-06-26T19:00:00.000Z', 'boston', 'Gillette Stadium', 'scheduled', 'fifa_schedule'),
  ('I-6', 62, 'I', 'group', 'SEN', 'IRQ', 'SEN', 'IRQ', '2026-06-26T19:00:00.000Z', 'toronto', 'BMO Field', 'scheduled', 'fifa_schedule'),
  ('G-5', 63, 'G', 'group', 'EGY', 'IRN', 'EGY', 'IRN', '2026-06-27T03:00:00.000Z', 'seattle', 'Lumen Field', 'scheduled', 'fifa_schedule'),
  ('G-6', 64, 'G', 'group', 'NZL', 'BEL', 'NZL', 'BEL', '2026-06-27T03:00:00.000Z', 'vancouver', 'BC Place', 'scheduled', 'fifa_schedule'),
  ('H-5', 65, 'H', 'group', 'CPV', 'KSA', 'CPV', 'KSA', '2026-06-27T00:00:00.000Z', 'houston', 'NRG Stadium', 'scheduled', 'fifa_schedule'),
  ('H-6', 66, 'H', 'group', 'URU', 'ESP', 'URU', 'ESP', '2026-06-27T00:00:00.000Z', 'guadalajara', 'Estadio Akron', 'scheduled', 'fifa_schedule'),
  ('L-6', 67, 'L', 'group', 'PAN', 'ENG', 'PAN', 'ENG', '2026-06-27T21:00:00.000Z', 'new-york-new-jersey', 'MetLife Stadium', 'scheduled', 'fifa_schedule'),
  ('L-5', 68, 'L', 'group', 'CRO', 'GHA', 'CRO', 'GHA', '2026-06-27T21:00:00.000Z', 'philadelphia', 'Lincoln Financial Field', 'scheduled', 'fifa_schedule'),
  ('J-6', 69, 'J', 'group', 'ALG', 'AUT', 'ALG', 'AUT', '2026-06-28T02:00:00.000Z', 'kansas-city', 'GEHA Field at Arrowhead Stadium', 'scheduled', 'fifa_schedule'),
  ('J-5', 70, 'J', 'group', 'JOR', 'ARG', 'JOR', 'ARG', '2026-06-28T02:00:00.000Z', 'dallas', 'AT&T Stadium', 'scheduled', 'fifa_schedule'),
  ('K-5', 71, 'K', 'group', 'COL', 'POR', 'COL', 'POR', '2026-06-27T23:30:00.000Z', 'miami', 'Hard Rock Stadium', 'scheduled', 'fifa_schedule'),
  ('K-6', 72, 'K', 'group', 'COD', 'UZB', 'COD', 'UZB', '2026-06-27T23:30:00.000Z', 'atlanta', 'Mercedes-Benz Stadium', 'scheduled', 'fifa_schedule'),
  ('M-73', 73, null, 'round_of_32', null, null, '2A', '2B', '2026-06-28T19:00:00.000Z', 'los-angeles', 'SoFi Stadium', 'scheduled', 'fifa_schedule'),
  ('M-74', 74, null, 'round_of_32', null, null, '1E', '3 ABCDF', '2026-06-29T20:30:00.000Z', 'boston', 'Gillette Stadium', 'scheduled', 'fifa_schedule'),
  ('M-75', 75, null, 'round_of_32', null, null, '1F', '2C', '2026-06-30T01:00:00.000Z', 'monterrey', 'Estadio BBVA', 'scheduled', 'fifa_schedule'),
  ('M-76', 76, null, 'round_of_32', null, null, '1C', '2F', '2026-06-29T17:00:00.000Z', 'houston', 'NRG Stadium', 'scheduled', 'fifa_schedule'),
  ('M-77', 77, null, 'round_of_32', null, null, '1I', '3 CDFGH', '2026-06-30T21:00:00.000Z', 'new-york-new-jersey', 'MetLife Stadium', 'scheduled', 'fifa_schedule'),
  ('M-78', 78, null, 'round_of_32', null, null, '2E', '2I', '2026-06-30T17:00:00.000Z', 'dallas', 'AT&T Stadium', 'scheduled', 'fifa_schedule'),
  ('M-79', 79, null, 'round_of_32', null, null, '1A', '3 CEFHI', '2026-07-01T01:00:00.000Z', 'mexico-city', 'Estadio Banorte', 'scheduled', 'fifa_schedule'),
  ('M-80', 80, null, 'round_of_32', null, null, '1L', '3 EHIJK', '2026-07-01T16:00:00.000Z', 'atlanta', 'Mercedes-Benz Stadium', 'scheduled', 'fifa_schedule'),
  ('M-81', 81, null, 'round_of_32', null, null, '1D', '3 BEFIJ', '2026-07-02T00:00:00.000Z', 'san-francisco-bay-area', 'Levi''s Stadium', 'scheduled', 'fifa_schedule'),
  ('M-82', 82, null, 'round_of_32', null, null, '1G', '3 AEHIJ', '2026-07-01T20:00:00.000Z', 'seattle', 'Lumen Field', 'scheduled', 'fifa_schedule'),
  ('M-83', 83, null, 'round_of_32', null, null, '2K', '2L', '2026-07-02T23:00:00.000Z', 'toronto', 'BMO Field', 'scheduled', 'fifa_schedule'),
  ('M-84', 84, null, 'round_of_32', null, null, '1H', '2J', '2026-07-02T19:00:00.000Z', 'los-angeles', 'SoFi Stadium', 'scheduled', 'fifa_schedule'),
  ('M-85', 85, null, 'round_of_32', null, null, '1B', '3 EFGIJ', '2026-07-03T03:00:00.000Z', 'vancouver', 'BC Place', 'scheduled', 'fifa_schedule'),
  ('M-86', 86, null, 'round_of_32', null, null, '1J', '2H', '2026-07-03T22:00:00.000Z', 'miami', 'Hard Rock Stadium', 'scheduled', 'fifa_schedule'),
  ('M-87', 87, null, 'round_of_32', null, null, '1K', '3 DEIJL', '2026-07-04T01:30:00.000Z', 'kansas-city', 'GEHA Field at Arrowhead Stadium', 'scheduled', 'fifa_schedule'),
  ('M-88', 88, null, 'round_of_32', null, null, '2D', '2G', '2026-07-03T18:00:00.000Z', 'dallas', 'AT&T Stadium', 'scheduled', 'fifa_schedule'),
  ('M-89', 89, null, 'round_of_16', null, null, 'W74', 'W77', '2026-07-04T21:00:00.000Z', 'philadelphia', 'Lincoln Financial Field', 'scheduled', 'fifa_schedule'),
  ('M-90', 90, null, 'round_of_16', null, null, 'W73', 'W75', '2026-07-04T17:00:00.000Z', 'houston', 'NRG Stadium', 'scheduled', 'fifa_schedule'),
  ('M-91', 91, null, 'round_of_16', null, null, 'W76', 'W78', '2026-07-05T20:00:00.000Z', 'new-york-new-jersey', 'MetLife Stadium', 'scheduled', 'fifa_schedule'),
  ('M-92', 92, null, 'round_of_16', null, null, 'W79', 'W80', '2026-07-06T00:00:00.000Z', 'mexico-city', 'Estadio Banorte', 'scheduled', 'fifa_schedule'),
  ('M-93', 93, null, 'round_of_16', null, null, 'W83', 'W84', '2026-07-06T19:00:00.000Z', 'dallas', 'AT&T Stadium', 'scheduled', 'fifa_schedule'),
  ('M-94', 94, null, 'round_of_16', null, null, 'W81', 'W82', '2026-07-07T00:00:00.000Z', 'seattle', 'Lumen Field', 'scheduled', 'fifa_schedule'),
  ('M-95', 95, null, 'round_of_16', null, null, 'W86', 'W88', '2026-07-07T16:00:00.000Z', 'atlanta', 'Mercedes-Benz Stadium', 'scheduled', 'fifa_schedule'),
  ('M-96', 96, null, 'round_of_16', null, null, 'W85', 'W87', '2026-07-07T20:00:00.000Z', 'vancouver', 'BC Place', 'scheduled', 'fifa_schedule'),
  ('M-97', 97, null, 'quarterfinal', null, null, 'W89', 'W90', '2026-07-09T20:00:00.000Z', 'boston', 'Gillette Stadium', 'scheduled', 'fifa_schedule'),
  ('M-98', 98, null, 'quarterfinal', null, null, 'W93', 'W94', '2026-07-10T19:00:00.000Z', 'los-angeles', 'SoFi Stadium', 'scheduled', 'fifa_schedule'),
  ('M-99', 99, null, 'quarterfinal', null, null, 'W91', 'W92', '2026-07-11T21:00:00.000Z', 'miami', 'Hard Rock Stadium', 'scheduled', 'fifa_schedule'),
  ('M-100', 100, null, 'quarterfinal', null, null, 'W95', 'W96', '2026-07-12T01:00:00.000Z', 'kansas-city', 'GEHA Field at Arrowhead Stadium', 'scheduled', 'fifa_schedule'),
  ('M-101', 101, null, 'semifinal', null, null, 'W97', 'W98', '2026-07-14T19:00:00.000Z', 'dallas', 'AT&T Stadium', 'scheduled', 'fifa_schedule'),
  ('M-102', 102, null, 'semifinal', null, null, 'W99', 'W100', '2026-07-15T19:00:00.000Z', 'atlanta', 'Mercedes-Benz Stadium', 'scheduled', 'fifa_schedule'),
  ('M-103', 103, null, 'third_place', null, null, 'L101', 'L102', '2026-07-18T21:00:00.000Z', 'miami', 'Hard Rock Stadium', 'scheduled', 'fifa_schedule'),
  ('M-104', 104, null, 'final', null, null, 'W101', 'W102', '2026-07-19T19:00:00.000Z', 'new-york-new-jersey', 'MetLife Stadium', 'scheduled', 'fifa_schedule')
on conflict (id) do update set
  match_number = excluded.match_number,
  group_code = excluded.group_code,
  stage = excluded.stage,
  home_team_id = excluded.home_team_id,
  away_team_id = excluded.away_team_id,
  home_slot = excluded.home_slot,
  away_slot = excluded.away_slot,
  kickoff_at = excluded.kickoff_at,
  venue_id = excluded.venue_id,
  venue_name = excluded.venue_name;

-- No match events in seed.

commit;
