begin;

alter table public.fixtures
  add column if not exists home_slot text,
  add column if not exists away_slot text;

insert into public.venues (id, name, city, region, country_code, timezone)
values
  ('atlanta', 'Mercedes-Benz Stadium', 'Atlanta', 'Georgia', 'USA', 'America/New_York'),
  ('boston', 'Gillette Stadium', 'Boston', 'Massachusetts', 'USA', 'America/New_York'),
  ('dallas', 'AT&T Stadium', 'Dallas', 'Texas', 'USA', 'America/Chicago'),
  ('guadalajara', 'Estadio Akron', 'Guadalajara', 'Jalisco', 'MEX', 'America/Mexico_City'),
  ('houston', 'NRG Stadium', 'Houston', 'Texas', 'USA', 'America/Chicago'),
  ('kansas-city', 'GEHA Field at Arrowhead Stadium', 'Kansas City', 'Missouri', 'USA', 'America/Chicago'),
  ('los-angeles', 'SoFi Stadium', 'Los Angeles', 'California', 'USA', 'America/Los_Angeles'),
  ('mexico-city', 'Estadio Banorte', 'Mexico City', 'Ciudad de Mexico', 'MEX', 'America/Mexico_City'),
  ('miami', 'Hard Rock Stadium', 'Miami', 'Florida', 'USA', 'America/New_York'),
  ('monterrey', 'Estadio BBVA', 'Monterrey', 'Nuevo Leon', 'MEX', 'America/Monterrey'),
  ('new-york-new-jersey', 'MetLife Stadium', 'East Rutherford', 'New Jersey', 'USA', 'America/New_York'),
  ('philadelphia', 'Lincoln Financial Field', 'Philadelphia', 'Pennsylvania', 'USA', 'America/New_York'),
  ('san-francisco-bay-area', 'Levi''s Stadium', 'Santa Clara', 'California', 'USA', 'America/Los_Angeles'),
  ('seattle', 'Lumen Field', 'Seattle', 'Washington', 'USA', 'America/Los_Angeles'),
  ('toronto', 'BMO Field', 'Toronto', 'Ontario', 'CAN', 'America/Toronto'),
  ('vancouver', 'BC Place', 'Vancouver', 'British Columbia', 'CAN', 'America/Vancouver')
on conflict (id) do update set
  name = excluded.name,
  city = excluded.city,
  region = excluded.region,
  country_code = excluded.country_code,
  timezone = excluded.timezone;

update public.fixtures set match_number = match_number + 1000 where match_number between 1 and 104;
insert into public.fixtures (id, match_number, group_code, stage, home_team_id, away_team_id, home_slot, away_slot, kickoff_at, venue_id, venue_name, status, source)
values
  ('A-1', 1, 'A', 'group', 'MEX', 'RSA', 'MEX', 'RSA', '2026-06-11T19:00:00.000Z', 'mexico-city', 'Estadio Banorte', 'scheduled', 'fifa_schedule'),
  ('A-2', 2, 'A', 'group', 'KOR', 'CZE', 'KOR', 'CZE', '2026-06-12T02:00:00.000Z', 'guadalajara', 'Estadio Akron', 'scheduled', 'fifa_schedule'),
  ('B-1', 3, 'B', 'group', 'CAN', 'BIH', 'CAN', 'BIH', '2026-06-12T19:00:00.000Z', 'toronto', 'BMO Field', 'scheduled', 'fifa_schedule'),
  ('D-1', 4, 'D', 'group', 'USA', 'PAR', 'USA', 'PAR', '2026-06-13T01:00:00.000Z', 'los-angeles', 'SoFi Stadium', 'scheduled', 'fifa_schedule'),
  ('C-1', 5, 'C', 'group', 'HAI', 'SCO', 'HAI', 'SCO', '2026-06-14T01:00:00.000Z', 'boston', 'Gillette Stadium', 'scheduled', 'fifa_schedule'),
  ('D-2', 6, 'D', 'group', 'AUS', 'TUR', 'AUS', 'TUR', '2026-06-14T04:00:00.000Z', 'vancouver', 'BC Place', 'scheduled', 'fifa_schedule'),
  ('C-2', 7, 'C', 'group', 'BRA', 'MAR', 'BRA', 'MAR', '2026-06-13T22:00:00.000Z', 'new-york-new-jersey', 'MetLife Stadium', 'scheduled', 'fifa_schedule'),
  ('B-2', 8, 'B', 'group', 'QAT', 'SUI', 'QAT', 'SUI', '2026-06-13T19:00:00.000Z', 'san-francisco-bay-area', 'Levi''s Stadium', 'scheduled', 'fifa_schedule'),
  ('E-1', 9, 'E', 'group', 'CIV', 'ECU', 'CIV', 'ECU', '2026-06-14T23:00:00.000Z', 'philadelphia', 'Lincoln Financial Field', 'scheduled', 'fifa_schedule'),
  ('E-2', 10, 'E', 'group', 'GER', 'CUW', 'GER', 'CUW', '2026-06-14T17:00:00.000Z', 'houston', 'NRG Stadium', 'scheduled', 'fifa_schedule'),
  ('F-1', 11, 'F', 'group', 'NED', 'JPN', 'NED', 'JPN', '2026-06-14T20:00:00.000Z', 'dallas', 'AT&T Stadium', 'scheduled', 'fifa_schedule'),
  ('F-2', 12, 'F', 'group', 'SWE', 'TUN', 'SWE', 'TUN', '2026-06-15T02:00:00.000Z', 'monterrey', 'Estadio BBVA', 'scheduled', 'fifa_schedule'),
  ('H-1', 13, 'H', 'group', 'KSA', 'URU', 'KSA', 'URU', '2026-06-15T22:00:00.000Z', 'miami', 'Hard Rock Stadium', 'scheduled', 'fifa_schedule'),
  ('H-2', 14, 'H', 'group', 'ESP', 'CPV', 'ESP', 'CPV', '2026-06-15T16:00:00.000Z', 'atlanta', 'Mercedes-Benz Stadium', 'scheduled', 'fifa_schedule'),
  ('G-1', 15, 'G', 'group', 'IRN', 'NZL', 'IRN', 'NZL', '2026-06-16T01:00:00.000Z', 'los-angeles', 'SoFi Stadium', 'scheduled', 'fifa_schedule'),
  ('G-2', 16, 'G', 'group', 'BEL', 'EGY', 'BEL', 'EGY', '2026-06-15T19:00:00.000Z', 'seattle', 'Lumen Field', 'scheduled', 'fifa_schedule'),
  ('I-1', 17, 'I', 'group', 'FRA', 'SEN', 'FRA', 'SEN', '2026-06-16T19:00:00.000Z', 'new-york-new-jersey', 'MetLife Stadium', 'scheduled', 'fifa_schedule'),
  ('I-2', 18, 'I', 'group', 'IRQ', 'NOR', 'IRQ', 'NOR', '2026-06-16T22:00:00.000Z', 'boston', 'Gillette Stadium', 'scheduled', 'fifa_schedule'),
  ('J-1', 19, 'J', 'group', 'ARG', 'ALG', 'ARG', 'ALG', '2026-06-17T01:00:00.000Z', 'kansas-city', 'GEHA Field at Arrowhead Stadium', 'scheduled', 'fifa_schedule'),
  ('J-2', 20, 'J', 'group', 'AUT', 'JOR', 'AUT', 'JOR', '2026-06-17T04:00:00.000Z', 'san-francisco-bay-area', 'Levi''s Stadium', 'scheduled', 'fifa_schedule'),
  ('L-1', 21, 'L', 'group', 'GHA', 'PAN', 'GHA', 'PAN', '2026-06-17T23:00:00.000Z', 'toronto', 'BMO Field', 'scheduled', 'fifa_schedule'),
  ('L-2', 22, 'L', 'group', 'ENG', 'CRO', 'ENG', 'CRO', '2026-06-17T20:00:00.000Z', 'dallas', 'AT&T Stadium', 'scheduled', 'fifa_schedule'),
  ('K-1', 23, 'K', 'group', 'POR', 'COD', 'POR', 'COD', '2026-06-17T17:00:00.000Z', 'houston', 'NRG Stadium', 'scheduled', 'fifa_schedule'),
  ('K-2', 24, 'K', 'group', 'UZB', 'COL', 'UZB', 'COL', '2026-06-18T02:00:00.000Z', 'mexico-city', 'Estadio Banorte', 'scheduled', 'fifa_schedule'),
  ('A-4', 25, 'A', 'group', 'CZE', 'RSA', 'CZE', 'RSA', '2026-06-18T16:00:00.000Z', 'atlanta', 'Mercedes-Benz Stadium', 'scheduled', 'fifa_schedule'),
  ('B-4', 26, 'B', 'group', 'SUI', 'BIH', 'SUI', 'BIH', '2026-06-18T19:00:00.000Z', 'los-angeles', 'SoFi Stadium', 'scheduled', 'fifa_schedule'),
  ('B-3', 27, 'B', 'group', 'CAN', 'QAT', 'CAN', 'QAT', '2026-06-18T22:00:00.000Z', 'vancouver', 'BC Place', 'scheduled', 'fifa_schedule'),
  ('A-3', 28, 'A', 'group', 'MEX', 'KOR', 'MEX', 'KOR', '2026-06-19T01:00:00.000Z', 'guadalajara', 'Estadio Akron', 'scheduled', 'fifa_schedule'),
  ('C-3', 29, 'C', 'group', 'BRA', 'HAI', 'BRA', 'HAI', '2026-06-20T00:30:00.000Z', 'philadelphia', 'Lincoln Financial Field', 'scheduled', 'fifa_schedule'),
  ('C-4', 30, 'C', 'group', 'SCO', 'MAR', 'SCO', 'MAR', '2026-06-19T22:00:00.000Z', 'boston', 'Gillette Stadium', 'scheduled', 'fifa_schedule'),
  ('D-4', 31, 'D', 'group', 'TUR', 'PAR', 'TUR', 'PAR', '2026-06-20T03:00:00.000Z', 'san-francisco-bay-area', 'Levi''s Stadium', 'scheduled', 'fifa_schedule'),
  ('D-3', 32, 'D', 'group', 'USA', 'AUS', 'USA', 'AUS', '2026-06-19T19:00:00.000Z', 'seattle', 'Lumen Field', 'scheduled', 'fifa_schedule'),
  ('E-3', 33, 'E', 'group', 'GER', 'CIV', 'GER', 'CIV', '2026-06-20T20:00:00.000Z', 'toronto', 'BMO Field', 'scheduled', 'fifa_schedule'),
  ('E-4', 34, 'E', 'group', 'ECU', 'CUW', 'ECU', 'CUW', '2026-06-21T00:00:00.000Z', 'kansas-city', 'GEHA Field at Arrowhead Stadium', 'scheduled', 'fifa_schedule'),
  ('F-3', 35, 'F', 'group', 'NED', 'SWE', 'NED', 'SWE', '2026-06-20T17:00:00.000Z', 'houston', 'NRG Stadium', 'scheduled', 'fifa_schedule'),
  ('F-4', 36, 'F', 'group', 'TUN', 'JPN', 'TUN', 'JPN', '2026-06-21T04:00:00.000Z', 'monterrey', 'Estadio BBVA', 'scheduled', 'fifa_schedule'),
  ('H-4', 37, 'H', 'group', 'URU', 'CPV', 'URU', 'CPV', '2026-06-21T22:00:00.000Z', 'miami', 'Hard Rock Stadium', 'scheduled', 'fifa_schedule'),
  ('H-3', 38, 'H', 'group', 'ESP', 'KSA', 'ESP', 'KSA', '2026-06-21T16:00:00.000Z', 'atlanta', 'Mercedes-Benz Stadium', 'scheduled', 'fifa_schedule'),
  ('G-3', 39, 'G', 'group', 'BEL', 'IRN', 'BEL', 'IRN', '2026-06-21T19:00:00.000Z', 'los-angeles', 'SoFi Stadium', 'scheduled', 'fifa_schedule'),
  ('G-4', 40, 'G', 'group', 'NZL', 'EGY', 'NZL', 'EGY', '2026-06-22T01:00:00.000Z', 'vancouver', 'BC Place', 'scheduled', 'fifa_schedule'),
  ('I-4', 41, 'I', 'group', 'NOR', 'SEN', 'NOR', 'SEN', '2026-06-23T00:00:00.000Z', 'new-york-new-jersey', 'MetLife Stadium', 'scheduled', 'fifa_schedule'),
  ('I-3', 42, 'I', 'group', 'FRA', 'IRQ', 'FRA', 'IRQ', '2026-06-22T21:00:00.000Z', 'philadelphia', 'Lincoln Financial Field', 'scheduled', 'fifa_schedule'),
  ('J-3', 43, 'J', 'group', 'ARG', 'AUT', 'ARG', 'AUT', '2026-06-22T17:00:00.000Z', 'dallas', 'AT&T Stadium', 'scheduled', 'fifa_schedule'),
  ('J-4', 44, 'J', 'group', 'JOR', 'ALG', 'JOR', 'ALG', '2026-06-23T03:00:00.000Z', 'san-francisco-bay-area', 'Levi''s Stadium', 'scheduled', 'fifa_schedule'),
  ('L-3', 45, 'L', 'group', 'ENG', 'GHA', 'ENG', 'GHA', '2026-06-23T20:00:00.000Z', 'boston', 'Gillette Stadium', 'scheduled', 'fifa_schedule'),
  ('L-4', 46, 'L', 'group', 'PAN', 'CRO', 'PAN', 'CRO', '2026-06-23T23:00:00.000Z', 'toronto', 'BMO Field', 'scheduled', 'fifa_schedule'),
  ('K-3', 47, 'K', 'group', 'POR', 'UZB', 'POR', 'UZB', '2026-06-23T17:00:00.000Z', 'houston', 'NRG Stadium', 'scheduled', 'fifa_schedule'),
  ('K-4', 48, 'K', 'group', 'COL', 'COD', 'COL', 'COD', '2026-06-24T02:00:00.000Z', 'guadalajara', 'Estadio Akron', 'scheduled', 'fifa_schedule'),
  ('C-6', 49, 'C', 'group', 'SCO', 'BRA', 'SCO', 'BRA', '2026-06-24T22:00:00.000Z', 'miami', 'Hard Rock Stadium', 'scheduled', 'fifa_schedule'),
  ('C-5', 50, 'C', 'group', 'MAR', 'HAI', 'MAR', 'HAI', '2026-06-24T22:00:00.000Z', 'atlanta', 'Mercedes-Benz Stadium', 'scheduled', 'fifa_schedule'),
  ('B-5', 51, 'B', 'group', 'SUI', 'CAN', 'SUI', 'CAN', '2026-06-24T19:00:00.000Z', 'vancouver', 'BC Place', 'scheduled', 'fifa_schedule'),
  ('B-6', 52, 'B', 'group', 'BIH', 'QAT', 'BIH', 'QAT', '2026-06-24T19:00:00.000Z', 'seattle', 'Lumen Field', 'scheduled', 'fifa_schedule'),
  ('A-5', 53, 'A', 'group', 'CZE', 'MEX', 'CZE', 'MEX', '2026-06-25T01:00:00.000Z', 'mexico-city', 'Estadio Banorte', 'scheduled', 'fifa_schedule'),
  ('A-6', 54, 'A', 'group', 'RSA', 'KOR', 'RSA', 'KOR', '2026-06-25T01:00:00.000Z', 'monterrey', 'Estadio BBVA', 'scheduled', 'fifa_schedule'),
  ('E-5', 55, 'E', 'group', 'CUW', 'CIV', 'CUW', 'CIV', '2026-06-25T20:00:00.000Z', 'philadelphia', 'Lincoln Financial Field', 'scheduled', 'fifa_schedule'),
  ('E-6', 56, 'E', 'group', 'ECU', 'GER', 'ECU', 'GER', '2026-06-25T20:00:00.000Z', 'new-york-new-jersey', 'MetLife Stadium', 'scheduled', 'fifa_schedule'),
  ('F-6', 57, 'F', 'group', 'JPN', 'SWE', 'JPN', 'SWE', '2026-06-25T23:00:00.000Z', 'dallas', 'AT&T Stadium', 'scheduled', 'fifa_schedule'),
  ('F-5', 58, 'F', 'group', 'TUN', 'NED', 'TUN', 'NED', '2026-06-25T23:00:00.000Z', 'kansas-city', 'GEHA Field at Arrowhead Stadium', 'scheduled', 'fifa_schedule'),
  ('D-5', 59, 'D', 'group', 'TUR', 'USA', 'TUR', 'USA', '2026-06-26T02:00:00.000Z', 'los-angeles', 'SoFi Stadium', 'scheduled', 'fifa_schedule'),
  ('D-6', 60, 'D', 'group', 'PAR', 'AUS', 'PAR', 'AUS', '2026-06-26T02:00:00.000Z', 'san-francisco-bay-area', 'Levi''s Stadium', 'scheduled', 'fifa_schedule'),
  ('I-5', 61, 'I', 'group', 'NOR', 'FRA', 'NOR', 'FRA', '2026-06-26T19:00:00.000Z', 'boston', 'Gillette Stadium', 'scheduled', 'fifa_schedule'),
  ('I-6', 62, 'I', 'group', 'SEN', 'IRQ', 'SEN', 'IRQ', '2026-06-26T19:00:00.000Z', 'toronto', 'BMO Field', 'scheduled', 'fifa_schedule'),
  ('G-5', 63, 'G', 'group', 'EGY', 'IRN', 'EGY', 'IRN', '2026-06-27T03:00:00.000Z', 'seattle', 'Lumen Field', 'scheduled', 'fifa_schedule'),
  ('G-6', 64, 'G', 'group', 'NZL', 'BEL', 'NZL', 'BEL', '2026-06-27T03:00:00.000Z', 'vancouver', 'BC Place', 'scheduled', 'fifa_schedule'),
  ('H-5', 65, 'H', 'group', 'CPV', 'KSA', 'CPV', 'KSA', '2026-06-27T00:00:00.000Z', 'houston', 'NRG Stadium', 'scheduled', 'fifa_schedule'),
  ('H-6', 66, 'H', 'group', 'URU', 'ESP', 'URU', 'ESP', '2026-06-27T00:00:00.000Z', 'guadalajara', 'Estadio Akron', 'scheduled', 'fifa_schedule'),
  ('L-6', 67, 'L', 'group', 'PAN', 'ENG', 'PAN', 'ENG', '2026-06-27T21:00:00.000Z', 'new-york-new-jersey', 'MetLife Stadium', 'scheduled', 'fifa_schedule'),
  ('L-5', 68, 'L', 'group', 'CRO', 'GHA', 'CRO', 'GHA', '2026-06-27T21:00:00.000Z', 'philadelphia', 'Lincoln Financial Field', 'scheduled', 'fifa_schedule'),
  ('J-6', 69, 'J', 'group', 'ALG', 'AUT', 'ALG', 'AUT', '2026-06-28T02:00:00.000Z', 'kansas-city', 'GEHA Field at Arrowhead Stadium', 'scheduled', 'fifa_schedule'),
  ('J-5', 70, 'J', 'group', 'JOR', 'ARG', 'JOR', 'ARG', '2026-06-28T02:00:00.000Z', 'dallas', 'AT&T Stadium', 'scheduled', 'fifa_schedule'),
  ('K-5', 71, 'K', 'group', 'COL', 'POR', 'COL', 'POR', '2026-06-27T23:30:00.000Z', 'miami', 'Hard Rock Stadium', 'scheduled', 'fifa_schedule'),
  ('K-6', 72, 'K', 'group', 'COD', 'UZB', 'COD', 'UZB', '2026-06-27T23:30:00.000Z', 'atlanta', 'Mercedes-Benz Stadium', 'scheduled', 'fifa_schedule'),
  ('M-73', 73, null, 'round_of_32', null, null, '2A', '2B', '2026-06-28T19:00:00.000Z', 'los-angeles', 'SoFi Stadium', 'scheduled', 'fifa_schedule'),
  ('M-74', 74, null, 'round_of_32', null, null, '1E', '3 ABCDF', '2026-06-29T20:30:00.000Z', 'boston', 'Gillette Stadium', 'scheduled', 'fifa_schedule'),
  ('M-75', 75, null, 'round_of_32', null, null, '1F', '2C', '2026-06-30T01:00:00.000Z', 'monterrey', 'Estadio BBVA', 'scheduled', 'fifa_schedule'),
  ('M-76', 76, null, 'round_of_32', null, null, '1C', '2F', '2026-06-29T17:00:00.000Z', 'houston', 'NRG Stadium', 'scheduled', 'fifa_schedule'),
  ('M-77', 77, null, 'round_of_32', null, null, '1I', '3 CDFGH', '2026-06-30T21:00:00.000Z', 'new-york-new-jersey', 'MetLife Stadium', 'scheduled', 'fifa_schedule'),
  ('M-78', 78, null, 'round_of_32', null, null, '2E', '2I', '2026-06-30T17:00:00.000Z', 'dallas', 'AT&T Stadium', 'scheduled', 'fifa_schedule'),
  ('M-79', 79, null, 'round_of_32', null, null, '1A', '3 CEFHI', '2026-07-01T01:00:00.000Z', 'mexico-city', 'Estadio Banorte', 'scheduled', 'fifa_schedule'),
  ('M-80', 80, null, 'round_of_32', null, null, '1L', '3 EHIJK', '2026-07-01T16:00:00.000Z', 'atlanta', 'Mercedes-Benz Stadium', 'scheduled', 'fifa_schedule'),
  ('M-81', 81, null, 'round_of_32', null, null, '1D', '3 BEFIJ', '2026-07-02T00:00:00.000Z', 'san-francisco-bay-area', 'Levi''s Stadium', 'scheduled', 'fifa_schedule'),
  ('M-82', 82, null, 'round_of_32', null, null, '1G', '3 AEHIJ', '2026-07-01T20:00:00.000Z', 'seattle', 'Lumen Field', 'scheduled', 'fifa_schedule'),
  ('M-83', 83, null, 'round_of_32', null, null, '2K', '2L', '2026-07-02T23:00:00.000Z', 'toronto', 'BMO Field', 'scheduled', 'fifa_schedule'),
  ('M-84', 84, null, 'round_of_32', null, null, '1H', '2J', '2026-07-02T19:00:00.000Z', 'los-angeles', 'SoFi Stadium', 'scheduled', 'fifa_schedule'),
  ('M-85', 85, null, 'round_of_32', null, null, '1B', '3 EFGIJ', '2026-07-03T03:00:00.000Z', 'vancouver', 'BC Place', 'scheduled', 'fifa_schedule'),
  ('M-86', 86, null, 'round_of_32', null, null, '1J', '2H', '2026-07-03T22:00:00.000Z', 'miami', 'Hard Rock Stadium', 'scheduled', 'fifa_schedule'),
  ('M-87', 87, null, 'round_of_32', null, null, '1K', '3 DEIJL', '2026-07-04T01:30:00.000Z', 'kansas-city', 'GEHA Field at Arrowhead Stadium', 'scheduled', 'fifa_schedule'),
  ('M-88', 88, null, 'round_of_32', null, null, '2D', '2G', '2026-07-03T18:00:00.000Z', 'dallas', 'AT&T Stadium', 'scheduled', 'fifa_schedule'),
  ('M-89', 89, null, 'round_of_16', null, null, 'W74', 'W77', '2026-07-04T21:00:00.000Z', 'philadelphia', 'Lincoln Financial Field', 'scheduled', 'fifa_schedule'),
  ('M-90', 90, null, 'round_of_16', null, null, 'W73', 'W75', '2026-07-06T00:00:00.000Z', 'mexico-city', 'Estadio Banorte', 'scheduled', 'fifa_schedule'),
  ('M-91', 91, null, 'round_of_16', null, null, 'W76', 'W78', '2026-07-04T17:00:00.000Z', 'houston', 'NRG Stadium', 'scheduled', 'fifa_schedule'),
  ('M-92', 92, null, 'round_of_16', null, null, 'W79', 'W80', '2026-07-07T00:00:00.000Z', 'seattle', 'Lumen Field', 'scheduled', 'fifa_schedule'),
  ('M-93', 93, null, 'round_of_16', null, null, 'W83', 'W84', '2026-07-06T19:00:00.000Z', 'dallas', 'AT&T Stadium', 'scheduled', 'fifa_schedule'),
  ('M-94', 94, null, 'round_of_16', null, null, 'W81', 'W82', '2026-07-07T20:00:00.000Z', 'vancouver', 'BC Place', 'scheduled', 'fifa_schedule'),
  ('M-95', 95, null, 'round_of_16', null, null, 'W86', 'W88', '2026-07-07T16:00:00.000Z', 'atlanta', 'Mercedes-Benz Stadium', 'scheduled', 'fifa_schedule'),
  ('M-96', 96, null, 'round_of_16', null, null, 'W85', 'W87', '2026-07-05T20:00:00.000Z', 'new-york-new-jersey', 'MetLife Stadium', 'scheduled', 'fifa_schedule'),
  ('M-97', 97, null, 'quarterfinal', null, null, 'W89', 'W90', '2026-07-10T19:00:00.000Z', 'los-angeles', 'SoFi Stadium', 'scheduled', 'fifa_schedule'),
  ('M-98', 98, null, 'quarterfinal', null, null, 'W93', 'W94', '2026-07-09T20:00:00.000Z', 'boston', 'Gillette Stadium', 'scheduled', 'fifa_schedule'),
  ('M-99', 99, null, 'quarterfinal', null, null, 'W91', 'W92', '2026-07-11T21:00:00.000Z', 'miami', 'Hard Rock Stadium', 'scheduled', 'fifa_schedule'),
  ('M-100', 100, null, 'quarterfinal', null, null, 'W95', 'W96', '2026-07-12T01:00:00.000Z', 'kansas-city', 'GEHA Field at Arrowhead Stadium', 'scheduled', 'fifa_schedule'),
  ('M-101', 101, null, 'semifinal', null, null, 'W97', 'W98', '2026-07-14T19:00:00.000Z', 'dallas', 'AT&T Stadium', 'scheduled', 'fifa_schedule'),
  ('M-102', 102, null, 'semifinal', null, null, 'W99', 'W100', '2026-07-15T19:00:00.000Z', 'atlanta', 'Mercedes-Benz Stadium', 'scheduled', 'fifa_schedule'),
  ('M-103', 103, null, 'third_place', null, null, 'L101', 'L102', '2026-07-18T21:00:00.000Z', 'miami', 'Hard Rock Stadium', 'scheduled', 'fifa_schedule'),
  ('M-104', 104, null, 'final', null, null, 'W101', 'W102', '2026-07-19T19:00:00.000Z', 'new-york-new-jersey', 'MetLife Stadium', 'scheduled', 'fifa_schedule')
on conflict (id) do update set
  match_number = excluded.match_number,
  group_code = excluded.group_code,
  stage = excluded.stage,
  home_team_id = excluded.home_team_id,
  away_team_id = excluded.away_team_id,
  home_slot = excluded.home_slot,
  away_slot = excluded.away_slot,
  kickoff_at = excluded.kickoff_at,
  venue_id = excluded.venue_id,
  venue_name = excluded.venue_name;

insert into public.data_providers (id, name, base_url, status, mapped_fixture_count, notes)
values (
  'espn',
  'ESPN',
  'https://site.api.espn.com/apis/site/v2/sports/soccer/fifa.world',
  'evaluation',
  104,
  'Result and scoring-event provider. FIFA canonical schedule owns fixed metadata.'
)
on conflict (id) do update set
  name = excluded.name,
  base_url = excluded.base_url,
  mapped_fixture_count = excluded.mapped_fixture_count,
  notes = excluded.notes;

insert into public.provider_fixture_mappings (provider_id, fixture_id, provider_fixture_id)
values
('espn', 'A-1', '760415'),
  ('espn', 'A-2', '760414'),
  ('espn', 'B-1', '760416'),
  ('espn', 'D-1', '760417'),
  ('espn', 'C-1', '760418'),
  ('espn', 'D-2', '760421'),
  ('espn', 'C-2', '760419'),
  ('espn', 'B-2', '760420'),
  ('espn', 'E-1', '760423'),
  ('espn', 'E-2', '760422'),
  ('espn', 'F-1', '760425'),
  ('espn', 'F-2', '760424'),
  ('espn', 'H-1', '760429'),
  ('espn', 'H-2', '760428'),
  ('espn', 'G-1', '760427'),
  ('espn', 'G-2', '760426'),
  ('espn', 'I-1', '760432'),
  ('espn', 'I-2', '760430'),
  ('espn', 'J-1', '760433'),
  ('espn', 'J-2', '760431'),
  ('espn', 'L-1', '760434'),
  ('espn', 'L-2', '760437'),
  ('espn', 'K-1', '760435'),
  ('espn', 'K-2', '760436'),
  ('espn', 'A-4', '760438'),
  ('espn', 'B-4', '760439'),
  ('espn', 'B-3', '760440'),
  ('espn', 'A-3', '760441'),
  ('espn', 'C-3', '760444'),
  ('espn', 'C-4', '760445'),
  ('espn', 'D-4', '760443'),
  ('espn', 'D-3', '760442'),
  ('espn', 'E-3', '760448'),
  ('espn', 'E-4', '760446'),
  ('espn', 'F-3', '760447'),
  ('espn', 'F-4', '760449'),
  ('espn', 'H-4', '760450'),
  ('espn', 'H-3', '760453'),
  ('espn', 'G-3', '760451'),
  ('espn', 'G-4', '760452'),
  ('espn', 'I-4', '760454'),
  ('espn', 'I-3', '760457'),
  ('espn', 'J-3', '760456'),
  ('espn', 'J-4', '760455'),
  ('espn', 'L-3', '760458'),
  ('espn', 'L-4', '760460'),
  ('espn', 'K-3', '760461'),
  ('espn', 'K-4', '760459'),
  ('espn', 'C-6', '760465'),
  ('espn', 'C-5', '760464'),
  ('espn', 'B-5', '760463'),
  ('espn', 'B-6', '760462'),
  ('espn', 'A-5', '760467'),
  ('espn', 'A-6', '760466'),
  ('espn', 'E-5', '760473'),
  ('espn', 'E-6', '760468'),
  ('espn', 'F-6', '760471'),
  ('espn', 'F-5', '760472'),
  ('espn', 'D-5', '760470'),
  ('espn', 'D-6', '760469'),
  ('espn', 'I-5', '760475'),
  ('espn', 'I-6', '760474'),
  ('espn', 'G-5', '760476'),
  ('espn', 'G-6', '760477'),
  ('espn', 'H-5', '760478'),
  ('espn', 'H-6', '760479'),
  ('espn', 'L-6', '760485'),
  ('espn', 'L-5', '760480'),
  ('espn', 'J-6', '760484'),
  ('espn', 'J-5', '760483'),
  ('espn', 'K-5', '760481'),
  ('espn', 'K-6', '760482'),
  ('espn', 'M-73', '760486'),
  ('espn', 'M-74', '760489'),
  ('espn', 'M-75', '760488'),
  ('espn', 'M-76', '760487'),
  ('espn', 'M-77', '760492'),
  ('espn', 'M-78', '760490'),
  ('espn', 'M-79', '760491'),
  ('espn', 'M-80', '760495'),
  ('espn', 'M-81', '760494'),
  ('espn', 'M-82', '760493'),
  ('espn', 'M-83', '760496'),
  ('espn', 'M-84', '760497'),
  ('espn', 'M-85', '760498'),
  ('espn', 'M-86', '760500'),
  ('espn', 'M-87', '760501'),
  ('espn', 'M-88', '760499'),
  ('espn', 'M-89', '760503'),
  ('espn', 'M-90', '760505'),
  ('espn', 'M-91', '760502'),
  ('espn', 'M-92', '760507'),
  ('espn', 'M-93', '760506'),
  ('espn', 'M-94', '760508'),
  ('espn', 'M-95', '760509'),
  ('espn', 'M-96', '760504'),
  ('espn', 'M-97', '760511'),
  ('espn', 'M-98', '760510'),
  ('espn', 'M-99', '760512'),
  ('espn', 'M-100', '760513'),
  ('espn', 'M-101', '760514'),
  ('espn', 'M-102', '760515'),
  ('espn', 'M-103', '760516'),
  ('espn', 'M-104', '760517')
on conflict (provider_id, fixture_id) do update set
  provider_fixture_id = excluded.provider_fixture_id;

create or replace view public.fixture_cards
with (security_invoker = true)
as
select
  f.id,
  f.match_number,
  f.group_code,
  f.stage,
  f.kickoff_at,
  f.status,
  f.home_goals,
  f.away_goals,
  f.home_penalties,
  f.away_penalties,
  f.winner_team_id,
  f.result_verified_at,
  f.source,
  f.source_url,
  coalesce(v.name, f.venue_name) as venue_name,
  v.city as venue_city,
  v.country_code as venue_country_code,
  v.timezone as venue_timezone,
  ht.id as home_team_id,
  ht.name as home_team_name,
  ht.fifa_code as home_team_code,
  ht.flag_emoji as home_team_flag,
  at.id as away_team_id,
  at.name as away_team_name,
  at.fifa_code as away_team_code,
  at.flag_emoji as away_team_flag,
  f.home_slot,
  f.away_slot
from public.fixtures f
left join public.venues v on v.id = f.venue_id
left join public.teams ht on ht.id = f.home_team_id
left join public.teams at on at.id = f.away_team_id;

commit;
